CA(m) [°],CA(l) [°],CA(r) [°],Elapsed time [s],Three-phase point (l) [mm],Three-phase point (r) [mm]
71.27,71.01,71.54,0.000,17.8,62.2
71.62,71.39,71.85,0.100,17.8,62.2
71.78,71.57,71.99,0.199,17.8,62.1
71.82,71.72,71.92,0.299,17.8,62.1
71.92,71.84,71.99,0.400,17.8,62.1
71.51,71.12,71.91,0.500,17.8,62.2
71.44,71.17,71.71,0.599,17.8,62.2
71.56,71.71,71.41,0.699,17.8,62.2
71.49,70.95,72.04,0.800,17.8,62.2
71.51,70.62,72.41,0.900,17.8,62.1
71.32,71.09,71.54,0.999,17.8,62.2
71.57,71.13,72.01,1.099,17.8,62.1
71.59,70.95,72.23,1.203,17.8,62.1
71.60,71.12,72.08,1.300,17.8,62.2
71.54,71.25,71.83,1.399,17.8,62.2
71.45,71.34,71.56,1.499,17.8,62.1
71.19,70.99,71.40,1.600,17.8,62.2
71.47,71.31,71.63,1.699,17.8,62.1
70.79,70.38,71.20,1.799,17.8,62.2
70.04,70.05,70.03,1.900,17.8,62.2
69.42,69.51,69.34,2.000,17.8,62.2
68.62,68.29,68.96,2.099,17.8,62.2
68.06,67.17,68.96,2.202,17.8,62.2
67.25,66.78,67.72,2.299,17.8,62.1
66.75,66.66,66.85,2.400,17.8,62.1
65.33,65.42,65.25,2.499,17.8,62.2
64.83,64.94,64.71,2.600,17.8,62.1
63.79,63.49,64.08,2.700,17.9,62.1
63.23,63.50,62.97,2.799,17.9,62.2
61.96,61.56,62.37,2.899,17.8,62.1
61.07,60.84,61.30,2.999,17.8,62.1
59.98,60.10,59.87,3.100,17.8,62.2
58.92,58.87,58.98,3.199,17.8,62.2
58.53,58.63,58.43,3.299,17.8,62.1
57.02,57.70,56.33,3.400,17.8,62.1
55.75,56.10,55.41,3.500,17.9,62.2
54.63,54.64,54.61,3.599,17.9,62.2
53.65,53.70,53.61,3.699,17.9,62.1
53.17,52.94,53.39,3.800,17.9,62.1
52.32,52.01,52.63,3.900,17.8,62.1
51.48,51.13,51.82,3.999,17.9,62.2
50.38,49.78,50.99,4.100,17.9,62.1
48.95,48.46,49.43,4.200,17.8,62.1
48.34,48.05,48.63,4.299,17.9,62.1
47.12,47.43,46.81,4.399,17.8,62.1
46.28,46.07,46.49,4.499,17.8,62.1
45.38,45.10,45.66,4.600,17.8,62.1
44.55,43.85,45.25,4.699,17.8,62.1
44.17,44.15,44.18,4.800,18.0,62.1
43.77,44.10,43.44,4.900,18.1,61.9
43.62,43.17,44.08,5.000,18.3,61.7
42.95,43.12,42.77,5.099,18.5,61.5
42.72,43.34,42.11,5.200,18.7,61.4
43.03,43.53,42.54,5.299,18.8,61.2
43.81,43.56,44.06,5.400,19.0,60.9
43.74,43.91,43.57,5.499,19.2,60.6
42.87,42.81,42.92,5.599,19.3,60.4
42.75,42.87,42.62,5.700,19.5,60.2
42.75,42.25,43.26,5.799,19.7,59.9
43.10,42.81,43.38,5.899,19.9,59.6
43.32,43.00,43.65,6.000,20.1,59.5
43.33,44.30,42.36,6.101,20.3,59.2
42.57,42.92,42.22,6.199,20.6,58.9
43.30,43.41,43.19,6.299,20.8,58.6
42.44,41.78,43.10,6.400,21.0,58.4
42.45,41.90,42.99,6.500,21.2,58.2
42.18,41.39,42.98,6.599,21.5,57.9
42.24,42.27,42.20,6.700,21.8,57.6
42.68,42.42,42.93,6.799,22.1,57.4
42.66,42.53,42.79,6.900,22.4,57.2
42.25,41.55,42.95,6.999,22.7,56.9
42.14,41.80,42.49,7.099,23.0,56.6
42.00,41.80,42.19,7.200,23.3,56.3
41.51,41.38,41.64,7.299,23.6,56.0
42.00,42.45,41.54,7.399,24.1,55.6
41.20,41.00,41.41,7.500,24.4,55.3
41.84,42.52,41.15,7.600,24.7,54.9
42.07,42.10,42.04,7.699,25.1,54.3
41.76,42.37,41.14,7.799,25.5,53.9
40.88,40.98,40.78,7.899,25.9,53.4
40.18,40.21,40.16,8.000,26.3,52.8
40.74,40.14,41.34,8.099,26.7,52.3
40.27,39.77,40.77,8.202,27.3,51.8
71.49,71.56,71.42,0.000,17.3,61.9
71.87,71.89,71.84,0.101,17.4,61.9
71.83,72.02,71.64,0.200,17.4,61.9
71.28,71.15,71.41,0.300,17.4,61.9
71.65,71.72,71.59,0.400,17.4,61.9
71.73,71.83,71.64,0.501,17.4,61.9
71.21,70.72,71.69,0.600,17.3,61.9
71.64,71.87,71.41,0.700,17.4,61.9
71.41,71.53,71.29,0.800,17.4,61.9
71.60,71.70,71.51,0.901,17.4,61.9
71.64,71.58,71.71,1.000,17.3,61.9
71.44,70.87,72.01,1.100,17.3,61.9
71.70,72.04,71.37,1.200,17.4,61.9
71.08,70.57,71.59,1.301,17.3,61.9
71.57,72.09,71.05,1.400,17.4,61.9
71.66,71.64,71.69,1.500,17.3,61.9
71.20,70.91,71.48,1.601,17.3,61.9
71.46,71.34,71.57,1.700,17.3,61.9
71.56,71.24,71.89,1.800,17.3,61.9
71.16,71.07,71.24,1.900,17.3,61.9
71.52,71.69,71.35,2.001,17.3,61.9
71.47,71.26,71.67,2.100,17.3,61.9
71.40,71.36,71.44,2.200,17.3,61.9
71.05,70.68,71.42,2.300,17.3,61.9
71.16,71.32,71.01,2.401,17.3,61.9
71.30,71.35,71.25,2.500,17.4,61.9
71.11,70.84,71.38,2.600,17.3,61.9
70.94,70.72,71.16,2.700,17.3,61.9
71.22,71.26,71.19,2.801,17.3,61.9
70.71,70.59,70.83,2.900,17.4,61.9
70.13,69.69,70.56,3.000,17.3,61.9
69.75,69.71,69.79,3.101,17.3,61.9
68.86,68.39,69.34,3.200,17.3,61.9
68.17,68.09,68.25,3.300,17.3,61.9
67.43,67.21,67.65,3.400,17.3,61.9
66.51,65.96,67.05,3.501,17.3,61.9
65.99,65.88,66.09,3.600,17.3,61.9
65.00,65.08,64.92,3.700,17.3,61.9
64.29,63.92,64.66,3.801,17.4,61.9
62.89,62.46,63.33,3.901,17.3,61.9
62.04,61.74,62.34,4.000,17.3,61.9
61.45,61.39,61.50,4.100,17.4,61.9
60.56,60.02,61.09,4.200,17.4,61.9
59.34,59.17,59.52,4.301,17.4,61.9
58.43,58.37,58.49,4.400,17.4,61.9
57.70,57.30,58.10,4.500,17.4,61.9
55.81,55.47,56.16,4.601,17.4,61.9
55.41,55.29,55.54,4.700,17.4,61.9
53.89,53.77,54.02,4.800,17.4,61.9
53.08,52.71,53.45,4.900,17.3,61.9
52.03,51.51,52.56,5.001,17.3,61.9
51.35,51.65,51.06,5.100,17.4,61.9
50.67,50.48,50.86,5.200,17.4,61.9
49.48,49.04,49.92,5.300,17.4,61.9
48.63,48.29,48.96,5.401,17.4,61.9
47.52,46.70,48.34,5.500,17.3,61.9
46.19,46.17,46.21,5.600,17.4,61.9
46.28,45.21,47.34,5.701,17.3,61.8
45.60,45.15,46.05,5.801,17.4,61.8
44.58,43.80,45.36,5.900,17.4,61.8
43.89,43.37,44.42,6.000,17.5,61.7
43.02,42.72,43.32,6.101,17.6,61.6
43.76,43.90,43.62,6.200,17.7,61.4
42.86,42.60,43.11,6.300,17.9,61.3
43.09,42.84,43.33,6.400,18.0,61.1
42.71,42.42,42.99,6.501,18.2,60.9
42.80,42.87,42.74,6.600,18.3,60.7
42.27,42.52,42.03,6.700,18.4,60.5
41.63,41.75,41.51,6.800,18.6,60.2
41.28,41.05,41.50,6.901,18.7,60.1
41.79,41.47,42.12,7.000,18.9,59.8
41.75,41.68,41.83,7.100,19.1,59.5
41.58,41.51,41.65,7.200,19.2,59.2
41.39,41.05,41.72,7.301,19.4,59.0
41.65,41.12,42.18,7.400,19.6,58.8
41.83,41.25,42.41,7.500,19.9,58.5
41.56,41.10,42.03,7.600,20.1,58.3
40.85,40.19,41.50,7.700,20.3,58.0
40.65,40.62,40.68,7.800,20.6,57.8
41.00,40.36,41.65,7.900,20.9,57.6
41.38,41.20,41.56,8.001,21.2,57.3
41.34,41.79,40.89,8.100,21.6,57.1
41.01,40.54,41.48,8.200,21.8,56.8
41.66,41.61,41.70,8.300,22.1,56.4
42.05,42.10,42.01,8.401,22.5,56.1
41.30,41.35,41.24,8.500,22.7,55.7
41.22,41.22,41.22,8.600,23.2,55.3
41.48,41.56,41.39,8.701,23.5,54.8
41.36,41.46,41.26,8.801,23.8,54.4
42.23,42.81,41.65,8.900,24.1,53.9
41.60,41.03,42.18,9.000,24.5,53.3
41.35,41.14,41.57,9.100,24.7,52.8
40.91,40.70,41.12,9.200,25.2,52.2
40.58,40.44,40.72,9.300,25.5,51.5
40.97,41.12,40.82,9.400,26.1,50.9
70.66,70.34,70.98,0.000,17.9,62.8
70.89,70.62,71.16,0.100,17.9,62.9
70.96,70.83,71.09,0.200,17.9,62.9
70.77,70.36,71.18,0.300,17.9,62.8
70.53,70.01,71.06,0.400,17.9,62.8
70.46,69.94,70.98,0.500,17.9,62.9
70.79,70.86,70.73,0.600,17.9,62.8
70.55,70.42,70.67,0.700,17.9,62.9
70.66,70.23,71.09,0.800,17.9,62.9
70.56,70.37,70.75,0.900,17.9,62.9
70.42,70.04,70.81,1.000,17.9,62.8
70.69,70.51,70.86,1.100,17.9,62.9
70.54,70.47,70.62,1.200,17.9,62.9
70.74,70.49,70.99,1.301,17.9,62.8
70.54,69.98,71.11,1.400,17.9,62.8
70.63,70.86,70.40,1.500,17.9,62.9
70.86,70.61,71.11,1.600,17.9,62.8
70.48,70.00,70.95,1.700,17.9,62.8
70.60,70.44,70.76,1.801,17.9,62.8
70.53,70.18,70.88,1.900,17.9,62.9
70.59,70.61,70.57,2.000,17.9,62.8
70.70,70.72,70.68,2.100,17.9,62.8
70.68,70.45,70.90,2.201,17.9,62.8
70.42,69.92,70.93,2.300,17.9,62.8
70.66,70.63,70.69,2.400,17.9,62.9
70.46,70.04,70.89,2.500,17.9,62.8
69.85,69.65,70.05,2.600,17.9,62.8
69.78,69.79,69.77,2.700,17.9,62.9
69.12,68.57,69.68,2.800,17.9,62.9
68.55,68.31,68.79,2.900,17.9,62.8
67.97,68.09,67.85,3.000,17.9,62.9
67.00,66.93,67.08,3.100,17.9,62.9
66.09,66.14,66.05,3.200,17.8,62.9
65.10,64.76,65.45,3.300,17.9,62.8
64.11,63.48,64.75,3.400,17.9,62.8
63.80,63.63,63.97,3.500,17.9,62.9
62.79,62.78,62.81,3.601,17.9,62.8
61.42,61.21,61.62,3.700,17.9,62.9
60.85,60.97,60.73,3.800,17.9,62.8
59.54,59.32,59.75,3.900,17.9,62.8
58.50,58.21,58.80,4.000,17.9,62.9
57.67,57.13,58.20,4.100,17.9,62.9
56.69,57.08,56.29,4.200,17.9,62.9
55.39,55.42,55.36,4.300,17.9,62.9
54.64,54.41,54.86,4.400,17.9,62.9
53.70,53.86,53.54,4.500,17.9,62.9
52.36,52.27,52.45,4.600,17.9,62.9
51.69,51.49,51.90,4.700,17.9,62.9
50.78,50.08,51.49,4.800,17.9,62.8
50.44,50.89,49.99,4.900,17.9,62.9
49.16,48.87,49.45,5.000,17.9,62.9
48.47,48.53,48.41,5.100,17.9,62.9
47.83,47.44,48.23,5.200,17.9,62.9
46.13,45.84,46.42,5.301,17.9,62.9
45.54,45.53,45.55,5.400,17.9,62.9
44.98,44.38,45.59,5.500,17.9,62.8
44.13,44.35,43.90,5.600,17.9,62.8
43.52,42.52,44.53,5.700,18.0,62.6
43.42,43.70,43.13,5.800,18.1,62.6
43.97,43.84,44.10,5.900,18.2,62.3
43.10,42.53,43.68,6.000,18.3,62.2
42.70,42.69,42.71,6.100,18.4,62.1
41.81,41.66,41.95,6.200,18.6,61.9
42.27,41.83,42.72,6.300,18.7,61.7
41.72,42.05,41.38,6.400,18.9,61.6
41.70,42.08,41.32,6.500,19.0,61.3
42.48,41.75,43.21,6.600,19.3,61.1
41.73,41.65,41.80,6.700,19.4,60.9
41.73,41.69,41.76,6.800,19.5,60.5
41.92,41.27,42.56,6.900,19.8,60.3
41.73,41.74,41.71,7.000,20.0,60.1
41.29,40.71,41.87,7.100,20.3,59.8
40.90,40.77,41.03,7.200,20.4,59.6
41.61,41.43,41.78,7.300,20.6,59.2
41.16,41.41,40.91,7.400,20.9,59.0
41.57,41.85,41.28,7.500,21.1,58.7
41.72,41.64,41.79,7.600,21.4,58.4
41.61,41.35,41.87,7.700,21.7,58.1
41.02,41.26,40.79,7.800,21.9,57.8
41.08,40.97,41.20,7.900,22.1,57.5
40.73,40.24,41.21,8.000,22.4,57.0
40.47,39.79,41.16,8.100,22.6,56.8
40.53,40.13,40.92,8.200,23.1,56.3
39.86,39.26,40.47,8.300,23.3,56.0
39.53,38.04,41.01,8.400,23.7,55.6
38.90,37.81,39.99,8.500,24.1,55.2
38.54,37.48,39.60,8.600,24.4,54.8
37.67,37.12,38.23,8.699,24.8,54.3
37.59,36.81,38.37,8.800,25.3,53.9
36.75,35.53,37.98,8.900,25.7,53.4
36.15,35.34,36.96,9.001,26.2,52.8
35.88,34.61,37.15,9.100,26.7,52.2
33.15,32.32,33.98,9.200,27.3,51.6
31.37,29.68,33.06,9.300,28.0,51.0
70.33,70.55,70.12,0.000,18.1,62.9
69.82,69.85,69.79,0.100,18.1,62.9
70.25,70.18,70.33,0.199,18.1,63.0
69.93,70.20,69.65,0.299,18.1,62.9
70.37,70.62,70.12,0.400,18.1,62.9
69.88,69.61,70.15,0.500,18.1,62.9
70.48,70.89,70.07,0.599,18.1,62.9
69.96,69.84,70.09,0.699,18.1,62.9
70.09,69.92,70.26,0.800,18.1,62.9
70.47,70.73,70.20,0.900,18.1,62.9
69.99,69.91,70.08,1.001,18.1,62.9
70.30,70.31,70.28,1.100,18.1,62.9
70.36,70.58,70.14,1.200,18.1,62.9
69.90,69.96,69.83,1.300,18.1,62.9
70.48,70.92,70.03,1.399,18.1,62.9
70.17,70.41,69.93,1.500,18.1,62.9
70.20,70.11,70.29,1.600,18.1,62.9
70.13,70.65,69.61,1.699,18.2,62.9
69.97,69.68,70.26,1.799,18.1,62.9
69.92,69.97,69.87,1.900,18.1,62.9
69.85,70.21,69.48,2.000,18.1,62.9
69.92,70.02,69.82,2.099,18.1,63.0
70.42,70.65,70.19,2.199,18.1,62.9
70.02,70.08,69.95,2.300,18.1,62.9
69.94,70.15,69.74,2.400,18.1,62.9
70.03,70.09,69.97,2.499,18.1,62.9
70.42,70.63,70.22,2.599,18.1,62.9
69.89,69.77,70.01,2.700,18.1,62.9
69.83,70.00,69.65,2.800,18.1,62.9
70.06,69.91,70.21,2.899,18.1,62.9
70.38,70.62,70.13,3.002,18.1,62.9
69.85,70.03,69.67,3.100,18.1,62.9
70.13,70.19,70.08,3.199,18.1,62.9
70.09,70.14,70.04,3.299,18.1,62.9
69.86,69.81,69.91,3.400,18.1,62.9
69.88,69.49,70.27,3.500,18.1,62.9
69.46,69.84,69.07,3.599,18.1,62.9
69.28,69.22,69.34,3.700,18.1,62.9
68.44,67.99,68.89,3.800,18.1,62.9
67.34,67.26,67.43,3.900,18.1,62.9
67.33,67.28,67.39,3.999,18.1,62.9
66.23,65.83,66.63,4.099,18.1,62.9
65.51,65.15,65.87,4.200,18.1,62.9
64.54,64.53,64.55,4.299,18.1,62.9
63.60,63.52,63.68,4.399,18.1,62.9
63.12,63.36,62.88,4.500,18.2,62.9
62.07,62.06,62.08,4.600,18.2,62.9
61.14,60.91,61.38,4.699,18.1,62.9
60.29,60.48,60.10,4.799,18.1,62.9
59.04,59.33,58.76,4.900,18.1,62.9
57.98,58.46,57.51,5.000,18.1,63.0
57.68,57.74,57.62,5.099,18.2,62.9
56.36,56.86,55.87,5.199,18.2,62.9
55.60,55.78,55.41,5.300,18.1,62.9
54.37,54.39,54.35,5.400,18.1,62.9
53.65,53.84,53.47,5.499,18.1,62.9
52.03,52.57,51.48,5.599,18.2,62.9
51.56,52.26,50.86,5.700,18.2,62.9
50.37,50.32,50.41,5.800,18.2,62.9
49.26,50.01,48.52,5.899,18.2,62.9
48.59,48.73,48.45,5.999,18.2,62.9
47.25,47.67,46.84,6.100,18.1,62.9
47.36,47.80,46.92,6.200,18.2,62.9
46.42,47.00,45.83,6.299,18.2,62.9
45.16,45.31,45.00,6.399,18.1,62.9
43.80,43.78,43.83,6.500,18.2,62.9
43.14,43.13,43.15,6.600,18.3,62.8
43.59,43.66,43.53,6.699,18.4,62.6
43.30,43.72,42.88,6.800,18.5,62.5
42.52,42.28,42.77,6.900,18.6,62.3
43.05,43.28,42.82,7.000,18.9,62.1
41.79,41.84,41.74,7.099,19.0,62.0
42.36,42.86,41.86,7.199,19.2,61.8
42.48,42.64,42.32,7.300,19.3,61.7
41.44,41.34,41.54,7.400,19.5,61.5
41.96,41.79,42.13,7.499,19.6,61.3
41.22,41.78,40.66,7.600,19.9,61.1
41.09,41.38,40.79,7.700,20.1,60.9
41.41,41.59,41.23,7.799,20.3,60.7
40.69,41.34,40.04,7.899,20.5,60.4
40.66,40.87,40.45,8.000,20.7,60.2
40.90,41.35,40.44,8.100,20.9,60.1
40.78,41.18,40.37,8.199,21.2,59.7
39.98,40.54,39.42,8.299,21.5,59.5
39.87,40.31,39.43,8.400,21.7,59.2
39.71,40.24,39.18,8.500,21.9,59.0
39.31,39.55,39.06,8.599,22.3,58.7
39.38,39.53,39.22,8.699,22.6,58.4
39.10,39.43,38.77,8.800,23.0,58.2
38.84,39.34,38.34,8.900,23.3,57.8
38.46,38.73,38.19,8.999,23.5,57.6
38.08,38.50,37.67,9.100,23.8,57.3
37.44,38.41,36.48,9.200,24.1,56.9
37.23,38.05,36.40,9.299,24.6,56.6
36.66,37.19,36.13,9.400,24.8,56.2
36.21,36.39,36.03,9.499,25.3,55.9
35.26,35.57,34.95,9.600,25.7,55.6
33.73,33.75,33.70,9.699,26.0,55.2
33.57,32.86,34.28,9.799,26.5,54.7
32.23,31.98,32.48,9.900,27.0,54.4
69.56,68.73,70.39,0.000,18.6,63.0
69.76,68.95,70.56,0.101,18.5,63.0
69.53,68.13,70.93,0.200,18.6,63.0
69.50,68.34,70.67,0.301,18.6,63.0
69.38,68.28,70.48,0.401,18.5,63.0
69.30,68.39,70.21,0.501,18.6,63.0
69.53,68.83,70.23,0.600,18.5,63.0
69.13,67.68,70.58,0.700,18.6,63.0
69.37,68.12,70.62,0.801,18.5,63.0
69.33,68.43,70.23,0.901,18.6,63.0
69.71,68.83,70.60,1.000,18.5,63.0
69.54,68.52,70.57,1.100,18.5,63.0
69.42,68.08,70.75,1.201,18.5,63.0
69.04,67.59,70.48,1.301,18.5,63.0
69.35,68.31,70.38,1.400,18.6,63.0
69.07,68.13,70.00,1.501,18.6,63.0
69.46,68.52,70.41,1.601,18.6,63.0
69.66,68.86,70.46,1.700,18.6,63.0
69.45,68.45,70.45,1.800,18.5,63.0
69.25,68.20,70.29,1.901,18.6,63.0
69.61,69.01,70.21,2.001,18.6,63.1
69.49,68.61,70.38,2.100,18.6,63.0
69.31,68.31,70.31,2.200,18.6,63.0
68.65,67.77,69.52,2.301,18.6,63.0
68.88,67.92,69.83,2.401,18.6,63.0
68.03,66.96,69.10,2.500,18.6,63.0
67.38,66.48,68.27,2.600,18.6,63.0
66.74,65.74,67.75,2.701,18.5,63.0
66.36,65.67,67.05,2.801,18.6,63.0
65.15,64.72,65.58,2.900,18.6,63.1
64.64,63.64,65.64,3.000,18.6,63.0
63.73,62.76,64.70,3.101,18.6,63.0
62.94,62.51,63.37,3.200,18.6,63.0
61.86,61.19,62.53,3.300,18.6,63.0
61.40,60.51,62.28,3.401,18.6,63.0
60.01,59.32,60.71,3.501,18.6,63.0
59.00,58.15,59.84,3.600,18.6,63.0
57.79,56.63,58.95,3.700,18.6,63.0
57.26,56.52,58.01,3.801,18.6,63.0
55.96,54.98,56.94,3.901,18.6,63.0
54.79,53.55,56.02,4.000,18.6,63.0
53.52,53.41,53.64,4.100,18.6,63.0
52.51,52.40,52.62,4.201,18.6,63.0
52.08,51.55,52.61,4.300,18.6,63.0
50.99,50.43,51.55,4.400,18.6,63.0
50.06,49.15,50.98,4.501,18.6,63.0
48.99,48.27,49.71,4.601,18.5,63.0
47.38,47.13,47.63,4.700,18.6,63.0
47.22,46.84,47.61,4.801,18.6,63.0
46.72,46.44,47.00,4.901,18.6,63.0
46.50,46.43,46.58,5.001,18.7,63.0
45.76,45.99,45.52,5.100,18.8,62.9
45.98,46.66,45.31,5.200,18.9,62.8
44.63,45.75,43.52,5.301,19.0,62.7
44.98,45.69,44.28,5.401,19.2,62.6
44.02,43.88,44.16,5.500,19.4,62.3
44.63,44.81,44.44,5.601,19.5,62.3
43.88,44.48,43.29,5.701,19.6,62.1
44.24,44.74,43.75,5.801,19.8,62.0
44.18,44.37,43.99,5.901,20.0,61.8
43.59,43.95,43.23,6.000,20.3,61.6
43.17,43.14,43.19,6.101,20.4,61.4
42.23,42.77,41.70,6.201,20.6,61.3
41.66,41.84,41.48,6.300,20.9,61.1
41.83,42.33,41.33,6.400,21.1,61.0
41.40,41.22,41.57,6.501,21.3,60.8
41.25,41.96,40.55,6.601,21.5,60.6
40.94,41.00,40.88,6.700,21.7,60.4
41.27,41.49,41.06,6.800,22.0,60.2
40.10,40.53,39.68,6.900,22.3,60.1
40.38,41.26,39.50,7.001,22.7,59.8
39.94,39.83,40.04,7.100,23.0,59.6
39.94,40.13,39.74,7.200,23.3,59.5
39.51,39.96,39.07,7.301,23.6,59.2
39.61,39.92,39.30,7.401,23.9,59.0
38.36,38.64,38.09,7.500,24.3,58.9
38.10,39.66,36.53,7.600,24.6,58.6
38.36,38.96,37.77,7.701,25.0,58.3
37.24,38.01,36.46,7.801,25.2,58.0
37.20,37.72,36.69,7.901,25.5,57.8
36.89,38.23,35.56,8.000,25.7,57.5
35.28,35.92,34.65,8.100,25.9,57.1
34.70,35.28,34.11,8.201,26.1,56.7
33.95,34.14,33.77,8.300,26.5,56.2
32.83,33.52,32.15,8.400,26.9,55.9
31.50,32.47,30.54,8.500,27.2,55.4
68.69,67.46,69.92,0.000,17.1,61.9
68.85,68.24,69.46,0.100,17.1,61.9
68.38,67.31,69.44,0.200,17.1,61.9
68.86,68.03,69.68,0.300,17.1,61.9
69.01,68.32,69.71,0.400,17.1,61.9
68.62,67.52,69.73,0.500,17.1,61.9
68.65,67.68,69.61,0.600,17.1,61.9
68.74,68.26,69.22,0.700,17.1,61.9
68.45,67.45,69.46,0.800,17.1,61.9
67.67,66.52,68.83,0.900,17.1,61.9
67.50,66.16,68.84,1.001,17.1,61.9
66.98,66.22,67.74,1.100,17.1,61.9
66.04,64.75,67.33,1.200,17.1,61.9
65.45,64.28,66.62,1.300,17.1,61.9
65.16,64.52,65.80,1.400,17.1,61.9
63.95,63.07,64.83,1.500,17.1,61.9
63.03,62.01,64.04,1.600,17.1,61.9
61.90,61.16,62.64,1.700,17.1,61.8
61.23,59.57,62.88,1.800,17.1,61.9
60.04,58.72,61.35,1.900,17.1,61.8
59.47,58.15,60.80,2.000,17.1,61.8
58.11,56.87,59.35,2.100,17.1,61.8
57.14,56.30,57.99,2.200,17.1,61.9
55.96,54.43,57.50,2.300,17.1,61.9
55.16,53.75,56.58,2.400,17.1,61.9
54.09,52.62,55.55,2.500,17.1,61.9
53.11,51.80,54.43,2.600,17.1,61.8
51.54,50.39,52.68,2.700,17.1,61.9
50.84,50.23,51.45,2.800,17.2,61.9
49.86,49.21,50.52,2.900,17.2,61.9
49.13,48.08,50.18,3.000,17.1,61.9
47.38,46.37,48.39,3.100,17.1,61.9
47.34,46.62,48.06,3.200,17.2,61.9
45.51,43.77,47.25,3.300,17.2,61.9
45.46,43.97,46.95,3.400,17.2,61.7
43.40,42.00,44.79,3.500,17.2,61.9
43.78,42.70,44.85,3.600,17.3,61.8
42.78,41.22,44.35,3.700,17.3,61.7
42.02,39.93,44.12,3.800,17.3,61.5
42.20,40.74,43.66,3.900,17.6,61.4
42.27,41.32,43.23,4.000,17.9,61.2
41.72,40.69,42.74,4.100,18.0,61.2
41.93,40.82,43.03,4.200,18.2,61.0
41.41,40.57,42.25,4.300,18.4,60.8
40.81,39.52,42.11,4.400,18.6,60.7
40.31,39.35,41.26,4.500,18.8,60.6
39.80,38.49,41.11,4.600,18.8,60.4
39.59,37.41,41.77,4.700,19.1,60.2
38.51,37.00,40.02,4.800,19.2,60.1
38.15,36.42,39.87,4.900,19.4,60.0
37.98,36.12,39.84,5.000,19.6,59.9
36.94,35.38,38.49,5.100,19.8,59.7
36.63,35.68,37.58,5.201,20.0,59.6
36.66,35.26,38.07,5.300,20.2,59.2
35.66,33.85,37.46,5.400,20.4,59.1
34.83,33.86,35.79,5.500,20.8,59.0
34.61,33.89,35.34,5.601,21.0,58.8
34.78,33.52,36.04,5.700,21.2,58.5
34.50,33.53,35.47,5.800,21.5,58.4
34.83,33.81,35.85,5.900,21.8,58.1
33.89,33.90,33.89,6.000,22.1,57.9
33.06,32.74,33.39,6.100,22.3,57.6
32.85,32.96,32.73,6.200,22.6,57.4
32.08,31.17,33.00,6.300,22.9,57.2
31.39,31.14,31.63,6.400,23.2,57.0
31.03,30.34,31.72,6.500,23.6,56.8
29.74,30.15,29.33,6.600,24.0,56.5
28.36,29.01,27.70,6.700,24.3,56.3
26.05,28.00,24.09,6.800,24.8,56.1
24.24,26.73,21.74,6.900,25.2,56.1
22.41,25.58,19.23,7.000,25.7,55.8
20.72,24.25,17.18,7.100,26.2,55.6
19.00,23.65,14.34,7.200,26.9,55.2
20.55,23.09,18.01,7.300,27.6,54.1
18.74,20.29,17.20,7.400,28.3,53.1
16.78,17.45,16.11,7.500,29.1,51.9
68.97,68.26,69.68,0.000,18.2,62.5
68.72,68.37,69.07,0.100,18.2,62.5
69.04,68.73,69.35,0.199,18.2,62.5
68.99,68.74,69.24,0.300,18.2,62.5
69.33,68.76,69.90,0.400,18.2,62.6
69.14,68.58,69.69,0.500,18.2,62.5
69.06,68.61,69.51,0.599,18.2,62.5
68.85,68.66,69.05,0.700,18.2,62.5
68.63,68.22,69.04,0.800,18.2,62.5
68.62,68.27,68.98,0.900,18.2,62.5
68.94,68.25,69.63,1.000,18.2,62.5
69.55,69.13,69.97,1.100,18.2,62.6
68.49,68.10,68.88,1.200,18.2,62.5
68.90,68.47,69.34,1.300,18.2,62.5
69.02,68.39,69.65,1.400,18.2,62.5
69.17,68.87,69.47,1.500,18.2,62.5
69.05,68.98,69.12,1.600,18.2,62.5
68.39,67.97,68.82,1.700,18.2,62.5
68.74,68.05,69.42,1.800,18.2,62.5
68.72,67.67,69.76,1.900,18.2,62.5
69.02,68.62,69.43,2.000,18.2,62.5
68.52,67.87,69.16,2.100,18.2,62.5
69.36,68.65,70.08,2.200,18.2,62.5
69.02,68.28,69.75,2.300,18.2,62.5
68.48,68.18,68.78,2.400,18.2,62.5
68.78,68.84,68.72,2.500,18.2,62.6
68.57,67.98,69.16,2.600,18.2,62.5
68.80,68.28,69.32,2.700,18.2,62.5
68.52,68.46,68.58,2.800,18.2,62.5
68.83,68.25,69.41,2.900,18.2,62.5
68.64,68.35,68.94,3.000,18.2,62.5
68.97,68.64,69.31,3.100,18.2,62.5
67.95,67.48,68.41,3.199,18.2,62.5
67.83,67.25,68.40,3.300,18.2,62.5
67.41,67.03,67.79,3.400,18.2,62.5
66.37,66.01,66.73,3.500,18.2,62.5
65.98,65.77,66.20,3.599,18.2,62.5
65.51,65.59,65.43,3.700,18.3,62.5
64.91,64.63,65.19,3.800,18.2,62.5
63.80,63.27,64.33,3.900,18.2,62.5
62.73,62.18,63.29,4.000,18.2,62.5
61.81,61.65,61.96,4.100,18.2,62.5
60.60,60.58,60.61,4.200,18.2,62.5
59.89,59.26,60.52,4.300,18.2,62.5
58.82,58.26,59.37,4.400,18.2,62.5
57.79,57.49,58.10,4.500,18.2,62.6
56.26,56.17,56.35,4.600,18.2,62.5
55.57,54.86,56.28,4.699,18.2,62.5
53.95,53.81,54.09,4.800,18.3,62.6
53.09,53.27,52.91,4.900,18.3,62.6
52.40,52.35,52.45,5.000,18.3,62.5
50.33,50.23,50.43,5.100,18.3,62.5
50.05,49.60,50.49,5.200,18.2,62.5
49.19,49.06,49.32,5.300,18.3,62.6
48.21,48.49,47.93,5.400,18.3,62.6
48.44,48.81,48.06,5.500,18.2,62.5
46.51,46.41,46.61,5.600,18.2,62.5
46.16,45.49,46.83,5.700,18.2,62.5
44.91,44.67,45.15,5.799,18.2,62.5
43.72,43.51,43.92,5.900,18.2,62.5
42.88,42.56,43.19,6.000,18.3,62.5
41.71,41.92,41.51,6.101,18.3,62.5
42.15,42.83,41.46,6.200,18.4,62.4
40.99,41.05,40.94,6.300,18.5,62.4
41.63,41.45,41.81,6.400,18.9,62.3
41.72,41.78,41.66,6.501,19.0,62.1
41.74,41.86,41.62,6.599,19.3,61.8
41.25,41.11,41.40,6.700,19.3,61.7
40.22,40.27,40.16,6.800,19.6,61.5
40.68,40.85,40.52,6.900,19.7,61.4
39.46,38.75,40.16,7.000,19.8,61.2
39.06,39.11,39.00,7.100,19.9,61.1
38.59,38.21,38.98,7.200,20.1,60.9
38.17,38.69,37.66,7.300,20.4,60.8
37.64,37.66,37.61,7.400,20.5,60.6
36.57,36.19,36.96,7.500,20.6,60.5
36.59,35.66,37.53,7.600,20.8,60.3
36.01,35.93,36.09,7.700,21.0,60.1
34.96,34.77,35.16,7.800,21.2,60.0
34.35,33.98,34.71,7.900,21.3,59.8
34.14,33.57,34.70,8.001,21.6,59.5
33.39,32.46,34.31,8.100,21.7,59.3
32.54,31.42,33.65,8.200,21.9,59.2
31.44,30.46,32.42,8.300,22.2,58.9
31.12,31.17,31.07,8.400,22.5,58.7
29.83,29.50,30.16,8.500,22.7,58.4
29.15,29.19,29.11,8.600,23.0,58.1
28.61,28.55,28.67,8.700,23.3,57.9
27.30,27.52,27.09,8.800,23.7,57.4
26.61,26.71,26.52,8.900,24.0,57.2
25.42,25.50,25.34,9.000,24.3,56.9
24.25,24.66,23.84,9.100,24.8,56.3
22.96,23.40,22.52,9.200,25.2,55.9
22.04,22.24,21.85,9.300,25.7,55.4
20.33,21.14,19.51,9.400,26.2,54.8
68.06,67.40,68.73,0.000,16.9,61.0
68.02,67.45,68.60,0.100,16.9,61.1
68.17,67.27,69.06,0.199,16.9,61.1
68.09,67.69,68.49,0.300,16.9,61.0
67.93,67.27,68.58,0.400,16.9,61.0
68.16,67.34,68.99,0.500,16.9,61.0
68.07,67.49,68.66,0.599,16.9,61.1
67.90,66.94,68.86,0.700,16.9,61.0
68.01,67.00,69.02,0.800,16.9,61.1
68.05,67.32,68.77,0.900,16.9,61.0
67.90,67.00,68.80,0.999,16.9,61.0
67.39,66.43,68.35,1.100,16.9,61.0
67.89,66.92,68.87,1.200,16.9,61.0
68.12,67.36,68.89,1.301,16.9,61.0
67.83,67.11,68.55,1.399,16.9,61.0
68.08,67.42,68.74,1.500,16.9,61.0
68.00,67.19,68.82,1.600,16.9,61.0
67.74,67.09,68.39,1.699,16.9,61.1
68.34,67.92,68.76,1.800,16.9,61.1
68.09,67.59,68.58,1.900,16.9,61.0
67.81,67.04,68.59,2.000,16.9,61.0
67.19,66.46,67.92,2.099,16.9,61.0
67.27,66.65,67.90,2.199,16.9,61.0
66.30,65.66,66.94,2.300,16.9,61.1
65.59,64.91,66.27,2.400,16.9,61.1
65.02,64.13,65.90,2.499,16.9,61.1
64.64,64.20,65.09,2.600,16.9,61.0
63.34,62.79,63.89,2.700,16.9,61.0
62.97,62.26,63.68,2.800,16.9,61.1
61.96,61.39,62.54,2.899,16.9,61.1
61.18,60.68,61.68,3.000,16.9,61.1
60.05,59.46,60.64,3.100,16.9,61.0
58.32,57.85,58.79,3.199,16.9,61.0
57.31,56.45,58.17,3.300,16.9,61.0
57.16,56.64,57.67,3.400,16.9,61.0
55.79,54.96,56.62,3.500,16.9,61.0
55.13,54.04,56.23,3.599,16.9,61.0
53.97,53.10,54.84,3.699,16.9,61.0
52.23,51.97,52.49,3.800,16.9,61.0
52.09,51.77,52.42,3.900,16.9,61.0
50.43,50.40,50.46,3.999,16.9,61.0
49.53,48.60,50.45,4.100,16.9,61.0
48.56,47.44,49.68,4.200,16.9,61.0
47.71,46.58,48.85,4.300,16.9,61.0
47.21,46.00,48.43,4.399,16.9,61.0
45.64,44.41,46.87,4.500,16.9,61.0
44.65,43.55,45.74,4.600,16.9,61.0
43.85,42.39,45.31,4.699,16.9,61.0
42.21,40.71,43.71,4.799,16.9,61.0
42.51,41.11,43.91,4.900,16.9,60.9
40.77,39.72,41.82,5.000,16.9,61.1
40.14,38.80,41.48,5.099,17.0,61.0
38.62,37.58,39.66,5.199,17.0,61.0
38.14,38.32,37.95,5.300,17.0,61.0
36.92,35.75,38.08,5.400,17.0,61.0
36.53,34.91,38.14,5.499,17.0,60.9
36.03,34.00,38.06,5.600,17.4,60.9
36.41,35.47,37.35,5.700,18.0,60.9
35.79,36.59,34.98,5.800,18.5,60.9
35.62,36.58,34.66,5.900,18.7,60.9
34.97,34.91,35.02,6.000,19.0,60.4
35.47,35.16,35.78,6.100,19.2,60.0
35.36,35.34,35.37,6.199,19.4,59.6
35.22,34.33,36.10,6.299,19.5,59.4
34.76,33.57,35.95,6.400,19.7,59.1
33.94,33.86,34.01,6.500,20.0,58.9
33.01,32.37,33.66,6.599,20.1,58.7
33.18,32.67,33.68,6.700,20.3,58.4
31.60,31.73,31.48,6.800,20.6,58.3
32.30,31.20,33.41,6.900,20.9,58.1
31.17,29.58,32.77,7.000,21.1,57.8
29.82,29.30,30.35,7.100,21.4,57.6
29.18,28.73,29.63,7.200,21.6,57.3
28.81,28.39,29.22,7.299,21.9,57.1
27.40,27.01,27.79,7.399,22.3,56.8
26.42,25.86,26.99,7.500,22.6,56.3
25.69,25.69,25.69,7.600,22.9,56.0
24.61,24.65,24.58,7.699,23.2,55.6
23.16,23.43,22.89,7.800,23.6,55.2
21.83,21.86,21.80,7.900,23.9,54.7
20.67,20.33,21.01,8.000,24.4,54.1
72.94,73.12,72.75,0.000,18.2,61.9
72.02,72.08,71.97,0.100,18.1,61.9
72.00,71.99,72.02,0.200,18.2,61.9
71.15,71.34,70.96,0.300,18.2,61.9
70.82,71.31,70.33,0.400,18.2,61.9
69.77,70.04,69.50,0.501,18.2,61.9
69.18,69.30,69.07,0.600,18.2,62.0
67.99,68.07,67.91,0.700,18.2,62.0
66.98,66.73,67.22,0.800,18.2,62.0
66.16,66.11,66.20,0.901,18.2,61.9
65.59,65.29,65.89,1.000,18.2,61.9
64.74,64.90,64.59,1.114,18.2,62.0
63.77,63.68,63.86,1.200,18.1,61.9
62.88,62.73,63.02,1.301,18.2,61.9
61.89,62.30,61.48,1.400,18.2,62.0
60.78,60.43,61.14,1.500,18.2,61.9
59.91,59.96,59.85,1.600,18.2,61.9
58.52,58.47,58.57,1.700,18.2,61.9
57.59,57.84,57.33,1.800,18.2,61.9
56.76,57.46,56.06,1.900,18.2,61.9
55.59,55.63,55.55,2.000,18.2,61.9
54.06,54.24,53.89,2.100,18.2,61.9
53.35,53.25,53.46,2.200,18.2,61.9
52.09,52.66,51.53,2.300,18.2,62.0
51.68,51.80,51.56,2.401,18.2,61.9
50.75,50.50,51.00,2.500,18.2,61.9
50.03,50.33,49.73,2.600,18.2,61.9
49.68,50.01,49.35,2.700,18.2,61.9
47.63,47.34,47.92,2.800,18.2,61.9
47.10,47.09,47.12,2.900,18.2,61.9
46.07,44.82,47.33,3.000,18.2,61.8
46.03,45.87,46.19,3.100,18.4,61.7
45.98,46.23,45.74,3.200,18.5,61.7
44.85,45.20,44.51,3.300,18.7,61.5
44.20,44.41,43.99,3.400,18.9,61.3
44.08,44.33,43.82,3.501,18.9,61.3
43.34,43.63,43.04,3.600,19.1,61.1
43.13,43.37,42.90,3.700,19.2,60.9
43.49,43.80,43.18,3.800,19.5,60.8
42.88,43.27,42.49,3.900,19.6,60.6
42.53,42.66,42.40,4.000,19.9,60.4
42.81,42.69,42.93,4.100,20.1,60.1
42.45,42.89,42.02,4.200,20.3,59.9
43.60,43.92,43.29,4.300,20.5,59.7
43.27,42.76,43.79,4.400,20.7,59.4
42.69,43.07,42.32,4.500,21.0,59.1
42.20,41.56,42.83,4.601,21.2,59.0
42.94,42.67,43.21,4.700,21.4,58.6
42.09,41.65,42.52,4.800,21.6,58.4
41.86,41.19,42.54,4.900,21.8,58.2
41.94,41.88,42.00,5.000,22.1,57.9
42.43,42.70,42.17,5.100,22.4,57.7
41.89,41.44,42.33,5.200,22.6,57.4
41.54,41.29,41.78,5.300,22.9,57.1
41.82,41.26,42.38,5.401,23.1,56.8
40.18,40.56,39.81,5.500,23.5,56.6
40.15,40.54,39.75,5.600,23.7,56.2
40.93,40.87,40.99,5.700,24.1,55.7
41.02,41.38,40.66,5.800,24.4,55.4
40.06,39.83,40.28,5.900,24.8,55.0
39.96,39.75,40.17,6.000,25.2,54.6
39.85,39.51,40.19,6.100,25.5,54.1
39.09,38.88,39.30,6.200,25.9,53.6
39.92,40.07,39.76,6.300,26.3,53.1
38.59,38.96,38.23,6.400,26.8,52.5
38.76,39.17,38.36,6.500,27.4,51.9
73.99,73.40,74.57,0.000,17.9,61.8
73.56,73.36,73.76,0.100,17.9,61.8
73.08,72.88,73.27,0.199,17.9,61.8
72.52,72.84,72.20,0.299,17.9,61.8
71.88,71.90,71.86,0.400,17.9,61.8
71.32,71.29,71.35,0.500,17.9,61.8
70.49,70.39,70.60,0.599,17.9,61.8
69.84,69.80,69.88,0.700,17.9,61.8
68.76,68.84,68.68,0.800,17.9,61.8
67.65,67.24,68.07,0.900,17.9,61.8
67.19,67.14,67.24,1.000,17.9,61.8
66.64,66.52,66.77,1.100,17.9,61.8
65.11,64.86,65.35,1.200,17.9,61.8
64.46,64.66,64.27,1.300,17.9,61.8
63.26,63.19,63.32,1.399,17.9,61.8
62.72,63.05,62.39,1.500,17.9,61.8
61.09,60.96,61.22,1.600,17.9,61.8
60.17,60.55,59.80,1.699,17.9,61.8
59.09,58.99,59.19,1.799,17.9,61.7
57.87,57.96,57.78,1.900,17.9,61.8
57.28,56.83,57.74,2.000,17.9,61.8
56.17,55.87,56.48,2.100,17.9,61.8
55.03,55.29,54.78,2.200,17.9,61.8
53.80,54.13,53.47,2.300,17.9,61.8
53.71,53.04,54.38,2.400,17.9,61.8
52.09,51.79,52.39,2.499,17.9,61.8
50.48,50.62,50.35,2.600,17.9,61.8
49.92,49.94,49.91,2.700,17.9,61.8
49.41,48.99,49.82,2.799,17.9,61.8
48.36,48.39,48.33,2.900,17.9,61.8
46.90,47.28,46.51,3.000,18.0,61.8
46.92,46.40,47.44,3.100,17.9,61.8
46.04,46.10,45.99,3.200,18.0,61.7
45.51,45.21,45.80,3.299,18.1,61.6
44.63,44.50,44.77,3.400,18.2,61.6
44.27,43.80,44.75,3.500,18.3,61.4
44.21,44.60,43.82,3.599,18.4,61.4
43.51,43.59,43.43,3.699,18.5,61.4
43.04,43.07,43.01,3.800,18.5,61.2
42.98,42.58,43.38,3.901,18.8,61.0
42.54,42.08,43.01,4.000,18.9,60.9
41.95,42.71,41.19,4.100,19.0,60.8
42.04,41.90,42.18,4.200,19.2,60.5
42.13,42.29,41.97,4.300,19.4,60.3
40.90,41.31,40.48,4.399,19.6,60.1
41.36,40.71,42.02,4.500,19.7,59.9
41.57,41.29,41.85,4.600,20.0,59.6
40.59,39.98,41.21,4.699,20.2,59.4
40.15,40.03,40.27,4.799,20.4,59.1
40.73,40.30,41.17,4.900,20.6,58.9
40.75,40.98,40.52,5.000,21.0,58.6
41.51,41.45,41.57,5.100,21.2,58.3
40.40,39.28,41.52,5.199,21.5,58.2
40.15,40.34,39.97,5.300,21.9,57.9
40.69,40.26,41.11,5.400,22.0,57.5
39.64,39.90,39.39,5.499,22.4,57.2
40.05,40.17,39.93,5.599,22.6,56.9
39.48,40.03,38.93,5.700,23.0,56.6
39.17,39.38,38.97,5.800,23.3,56.3
39.96,39.46,40.46,5.899,23.6,55.9
38.41,38.57,38.25,6.000,24.0,55.5
39.02,39.05,38.99,6.100,24.4,55.1
38.56,38.60,38.52,6.199,24.8,54.7
37.91,37.35,38.47,6.299,25.3,54.2
38.05,37.47,38.63,6.400,25.6,53.7
38.15,37.60,38.70,6.500,26.1,53.2
71.13,71.74,70.52,0.000,20.6,65.3
71.13,72.03,70.23,0.100,20.6,65.3
71.19,72.13,70.25,0.200,20.6,65.3
71.16,72.00,70.33,0.300,20.6,65.3
71.19,71.95,70.43,0.400,20.6,65.3
71.01,71.54,70.48,0.500,20.6,65.3
70.84,71.39,70.29,0.600,20.6,65.3
71.02,71.21,70.82,0.700,20.6,65.3
71.08,71.73,70.43,0.800,20.6,65.3
71.15,71.86,70.44,0.900,20.6,65.3
70.88,71.34,70.41,1.000,20.6,65.3
71.00,71.84,70.15,1.100,20.6,65.3
70.66,71.27,70.05,1.200,20.6,65.3
70.28,70.96,69.61,1.300,20.6,65.3
69.52,70.26,68.78,1.399,20.6,65.3
69.25,70.44,68.06,1.500,20.6,65.3
68.12,69.00,67.24,1.600,20.6,65.3
67.20,67.20,67.21,1.700,20.6,65.3
66.56,67.08,66.03,1.799,20.6,65.3
66.02,67.15,64.88,1.900,20.6,65.3
64.83,65.30,64.36,2.000,20.6,65.3
63.91,64.41,63.41,2.100,20.6,65.3
62.98,63.89,62.06,2.200,20.6,65.3
61.94,63.62,60.27,2.300,20.6,65.3
60.88,62.29,59.48,2.400,20.6,65.3
59.87,61.14,58.60,2.500,20.6,65.3
59.29,60.83,57.74,2.600,20.6,65.3
57.89,59.52,56.26,2.700,20.6,65.3
56.81,58.08,55.54,2.800,20.6,65.3
56.11,57.39,54.82,2.899,20.6,65.3
54.51,56.70,52.33,3.000,20.6,65.3
54.19,55.52,52.85,3.100,20.6,65.3
52.87,54.92,50.81,3.200,20.6,65.3
52.35,53.85,50.85,3.299,20.6,65.3
51.68,53.79,49.58,3.400,20.6,65.3
49.99,51.87,48.12,3.500,20.6,65.3
49.73,51.78,47.67,3.600,20.6,65.3
48.76,50.62,46.91,3.700,20.6,65.3
47.32,49.52,45.13,3.803,20.6,65.4
46.81,48.60,45.02,3.900,20.6,65.3
46.38,47.96,44.80,4.000,20.6,65.3
45.33,46.85,43.80,4.100,20.6,65.3
43.41,45.63,41.19,4.200,20.5,65.4
43.72,45.37,42.06,4.300,20.7,65.2
42.11,43.56,40.67,4.399,20.7,65.2
42.15,44.41,39.89,4.500,20.9,65.1
41.72,43.85,39.58,4.600,21.0,65.0
41.34,43.72,38.96,4.700,21.1,64.9
40.00,41.87,38.13,4.799,21.1,64.8
39.91,42.19,37.62,4.900,21.3,64.7
39.86,42.39,37.33,5.000,21.5,64.6
39.64,41.85,37.42,5.100,21.6,64.4
38.74,41.70,35.78,5.200,21.8,64.4
38.80,41.28,36.32,5.300,22.0,64.4
38.12,40.94,35.31,5.400,22.3,64.3
37.45,40.38,34.51,5.500,22.6,64.2
37.21,39.41,35.01,5.600,22.8,64.1
36.33,39.48,33.19,5.700,23.2,64.0
36.82,39.84,33.81,5.800,23.5,63.9
35.71,38.90,32.53,5.899,23.7,63.8
34.48,38.12,30.84,6.000,24.0,63.8
34.97,37.60,32.34,6.100,24.3,63.5
34.68,38.77,30.59,6.200,24.5,63.4
33.89,37.92,29.86,6.299,24.8,63.3
33.70,36.81,30.60,6.400,25.2,63.1
33.02,36.67,29.38,6.500,25.5,62.8
32.88,36.66,29.10,6.600,25.8,62.8
32.65,37.09,28.21,6.700,26.3,62.5
32.35,37.82,26.88,6.800,26.6,62.4
31.21,36.59,25.83,6.900,27.1,62.3
31.22,37.21,25.23,7.000,27.5,61.9
30.88,36.68,25.07,7.100,28.0,61.8
30.78,36.34,25.22,7.200,28.5,61.4
31.25,36.82,25.68,7.300,29.0,60.9
32.21,36.82,27.60,7.400,29.4,60.0
35.07,38.49,31.66,7.500,29.8,57.7
74.19,73.99,74.38,0.000,20.0,62.7
74.19,73.67,74.72,0.100,20.0,62.7
73.93,73.56,74.30,0.199,20.0,62.7
73.72,73.20,74.24,0.299,20.0,62.7
73.46,73.05,73.87,0.400,20.0,62.7
72.72,72.47,72.97,0.500,20.0,62.7
72.11,72.01,72.22,0.599,20.0,62.8
71.68,71.01,72.35,0.699,20.0,62.7
70.41,70.15,70.67,0.800,20.0,62.7
70.13,70.12,70.15,0.900,20.0,62.8
69.29,69.01,69.58,0.999,20.0,62.7
68.09,68.09,68.10,1.100,20.0,62.8
67.61,67.33,67.90,1.200,20.0,62.7
66.25,66.06,66.44,1.300,20.0,62.8
65.30,65.66,64.93,1.399,20.0,62.8
64.33,64.05,64.61,1.500,20.0,62.7
63.48,63.48,63.49,1.600,20.0,62.7
62.34,62.30,62.37,1.699,20.0,62.8
61.76,61.85,61.67,1.799,20.0,62.7
60.69,60.88,60.50,1.900,20.0,62.7
59.50,59.44,59.56,2.000,20.0,62.7
58.39,58.23,58.54,2.099,20.0,62.8
56.86,56.93,56.79,2.200,20.0,62.8
56.18,56.71,55.65,2.300,20.0,62.7
55.15,55.09,55.20,2.400,20.0,62.7
53.96,54.37,53.54,2.499,20.1,62.8
53.22,52.95,53.48,2.599,20.0,62.8
53.30,53.79,52.81,2.700,20.0,62.7
51.52,52.18,50.86,2.800,20.1,62.7
50.38,50.67,50.09,2.899,20.0,62.7
49.86,49.95,49.77,2.999,20.0,62.7
49.13,49.55,48.71,3.100,20.0,62.7
47.76,47.94,47.58,3.200,20.1,62.7
47.56,46.76,48.36,3.299,20.0,62.7
46.35,46.36,46.34,3.399,20.1,62.6
45.11,46.00,44.21,3.500,20.3,62.6
45.41,44.82,46.01,3.600,20.3,62.4
44.45,43.86,45.05,3.699,20.5,62.2
44.45,44.17,44.74,3.799,20.5,62.1
43.68,43.67,43.69,3.900,20.7,62.0
43.83,44.56,43.11,3.999,20.8,61.8
42.17,41.79,42.56,4.099,20.9,61.7
42.22,41.94,42.50,4.200,21.0,61.6
41.72,42.35,41.09,4.300,21.2,61.4
41.31,41.20,41.42,4.399,21.3,61.2
41.59,41.62,41.55,4.499,21.6,61.0
40.72,40.74,40.69,4.600,21.8,60.8
39.88,39.50,40.25,4.700,21.9,60.6
40.46,40.90,40.03,4.799,22.2,60.5
40.05,40.32,39.78,4.899,22.4,60.3
39.29,40.00,38.58,4.999,22.7,60.0
38.73,39.87,37.59,5.100,23.1,59.9
39.20,39.54,38.87,5.199,23.3,59.6
38.98,38.60,39.36,5.299,23.6,59.4
38.37,38.63,38.10,5.400,23.9,59.4
37.16,38.03,36.30,5.499,24.2,59.2
36.45,38.15,34.76,5.599,24.4,59.0
35.89,37.81,33.97,5.699,24.8,59.0
34.68,37.99,31.38,5.800,25.1,58.9
34.63,37.33,31.92,5.899,25.4,58.7
33.90,37.62,30.18,5.999,25.8,58.7
33.89,36.97,30.80,6.100,26.2,58.4
31.79,36.25,27.33,6.200,26.5,58.2
32.27,36.78,27.76,6.300,27.0,57.9
32.61,36.39,28.83,6.399,27.4,57.4
31.83,35.86,27.79,6.500,27.8,56.9
31.55,36.26,26.84,6.600,28.3,56.5
33.55,36.53,30.57,6.699,28.8,55.6
33.62,35.33,31.90,6.799,29.1,54.5
69.14,69.19,69.10,0.000,17.5,62.5
68.99,69.00,68.98,0.101,17.5,62.5
68.87,68.95,68.78,0.200,17.4,62.5
68.76,68.63,68.90,0.300,17.5,62.5
69.15,69.10,69.20,0.400,17.4,62.5
69.26,69.31,69.20,0.501,17.5,62.5
69.05,68.96,69.15,0.601,17.5,62.5
68.83,68.75,68.92,0.700,17.4,62.5
68.71,68.14,69.29,0.800,17.4,62.5
69.05,69.00,69.10,0.901,17.5,62.5
69.06,69.17,68.95,1.000,17.5,62.5
68.85,68.84,68.87,1.100,17.5,62.5
68.91,69.41,68.41,1.200,17.5,62.5
68.84,68.69,69.00,1.301,17.5,62.5
69.02,68.99,69.04,1.400,17.5,62.5
68.98,69.02,68.95,1.500,17.5,62.5
68.97,68.85,69.09,1.601,17.5,62.5
69.07,68.80,69.33,1.700,17.5,62.5
69.23,69.72,68.74,1.800,17.5,62.5
69.44,69.55,69.33,1.900,17.5,62.5
69.11,69.31,68.90,2.001,17.5,62.5
68.95,69.08,68.82,2.100,17.5,62.5
68.66,68.68,68.65,2.200,17.5,62.5
68.05,68.08,68.01,2.301,17.5,62.5
67.82,67.75,67.89,2.401,17.5,62.5
66.90,67.10,66.70,2.500,17.5,62.5
65.83,65.55,66.11,2.600,17.5,62.5
65.58,65.46,65.71,2.700,17.5,62.5
64.48,64.57,64.39,2.801,17.5,62.5
63.80,64.10,63.49,2.900,17.5,62.5
62.70,62.97,62.44,3.001,17.5,62.5
61.95,62.33,61.56,3.101,17.5,62.5
61.14,61.36,60.93,3.200,17.5,62.5
60.25,60.31,60.20,3.300,17.5,62.5
58.75,59.47,58.02,3.400,17.4,62.5
57.72,58.11,57.34,3.500,17.5,62.6
57.34,57.30,57.38,3.600,17.5,62.5
55.83,55.72,55.93,3.700,17.4,62.5
55.43,55.51,55.35,3.800,17.5,62.5
54.23,53.95,54.51,3.901,17.5,62.6
52.58,53.46,51.69,4.000,17.5,62.5
52.28,52.49,52.07,4.100,17.5,62.6
50.41,50.32,50.51,4.201,17.5,62.5
49.83,49.56,50.10,4.300,17.5,62.5
49.05,49.34,48.77,4.400,17.5,62.5
48.04,48.01,48.07,4.500,17.5,62.5
46.94,47.00,46.88,4.600,17.5,62.5
45.57,45.90,45.24,4.700,17.5,62.5
44.73,45.43,44.03,4.800,17.5,62.5
44.41,44.28,44.54,4.900,17.5,62.6
42.72,42.01,43.43,5.001,17.5,62.5
42.32,42.42,42.22,5.100,17.5,62.6
42.13,41.23,43.02,5.200,17.5,62.5
40.39,40.00,40.79,5.300,17.6,62.5
39.85,39.95,39.76,5.401,17.7,62.4
40.26,40.30,40.23,5.500,17.7,62.3
40.20,39.97,40.42,5.600,17.8,62.1
38.74,38.91,38.57,5.700,17.9,62.1
38.63,38.45,38.81,5.800,18.1,61.8
37.83,37.82,37.85,5.900,18.2,61.9
36.34,36.67,36.02,6.000,18.3,61.8
35.97,36.26,35.69,6.101,18.4,61.6
35.55,35.85,35.24,6.200,18.5,61.4
34.35,34.51,34.20,6.300,18.6,61.4
34.25,33.90,34.59,6.400,18.7,61.2
34.78,34.68,34.88,6.500,18.9,60.9
33.78,33.47,34.08,6.600,19.1,60.8
32.86,31.76,33.96,6.700,19.2,60.5
32.61,32.86,32.36,6.800,19.4,60.4
31.32,31.88,30.76,6.900,19.6,60.3
31.32,31.48,31.16,7.001,19.9,60.0
31.43,31.94,30.91,7.100,20.0,59.8
31.03,32.41,29.65,7.200,20.3,59.6
29.95,30.08,29.82,7.300,20.5,59.2
30.28,31.69,28.88,7.400,20.8,58.9
29.58,30.01,29.15,7.500,21.1,58.5
29.24,29.75,28.74,7.600,21.3,58.2
28.77,29.58,27.97,7.700,21.7,57.9
28.03,28.85,27.20,7.800,22.0,57.5
28.13,28.68,27.57,7.900,22.3,57.1
27.27,27.76,26.78,8.000,22.8,56.6
26.60,27.45,25.75,8.100,23.2,56.3
25.67,26.44,24.90,8.200,23.6,55.9
24.44,25.18,23.69,8.300,24.0,55.4
67.96,68.85,67.07,0.000,18.4,63.0
68.15,69.41,66.88,0.100,18.4,63.0
68.10,69.00,67.19,0.199,18.4,62.9
68.37,69.10,67.64,0.300,18.4,62.9
68.19,68.74,67.65,0.400,18.4,63.0
67.75,68.76,66.75,0.500,18.4,63.0
68.34,69.54,67.15,0.600,18.4,63.0
68.25,69.32,67.18,0.700,18.4,63.0
68.33,69.40,67.26,0.800,18.4,63.0
68.22,69.58,66.85,0.900,18.4,63.0
68.58,69.86,67.30,0.999,18.4,63.0
68.03,69.22,66.84,1.100,18.4,63.0
67.91,68.67,67.15,1.200,18.4,63.0
68.02,69.09,66.94,1.300,18.4,63.0
67.96,69.17,66.74,1.400,18.4,63.0
68.36,69.58,67.14,1.500,18.4,63.0
67.84,68.83,66.86,1.600,18.4,63.0
67.45,68.73,66.18,1.699,18.4,63.0
66.87,67.71,66.02,1.800,18.4,62.9
66.28,67.12,65.44,1.900,18.4,63.0
65.61,66.81,64.40,2.000,18.4,62.9
65.04,66.16,63.91,2.100,18.4,63.0
64.32,65.56,63.08,2.200,18.4,63.0
62.88,64.00,61.75,2.300,18.4,63.0
62.40,63.04,61.76,2.400,18.4,62.9
61.16,62.22,60.11,2.500,18.4,62.9
60.76,62.28,59.23,2.600,18.4,62.9
59.50,60.84,58.15,2.700,18.4,63.0
57.99,59.13,56.84,2.801,18.4,63.0
57.63,59.27,55.98,2.900,18.4,62.9
56.51,57.73,55.30,3.000,18.4,62.9
55.73,56.68,54.78,3.100,18.4,62.9
53.62,54.81,52.43,3.199,18.4,63.0
53.16,53.68,52.63,3.300,18.4,62.9
52.09,53.21,50.97,3.400,18.4,62.9
51.23,52.17,50.30,3.500,18.4,63.0
50.29,51.02,49.55,3.599,18.4,63.0
49.25,50.22,48.28,3.700,18.4,62.9
47.84,48.44,47.23,3.800,18.4,63.0
47.38,47.93,46.84,3.900,18.5,63.0
46.06,46.92,45.19,4.000,18.4,63.0
45.57,46.79,44.35,4.100,18.4,63.0
44.76,45.72,43.80,4.200,18.3,62.9
44.14,45.75,42.53,4.299,18.5,63.0
43.95,44.66,43.24,4.400,18.5,63.0
42.17,43.74,40.60,4.500,18.6,63.0
41.73,42.80,40.66,4.600,18.7,62.9
40.95,42.66,39.25,4.699,18.9,62.9
39.84,40.58,39.10,4.800,19.0,62.6
40.09,40.90,39.28,4.900,19.1,62.5
39.40,40.07,38.73,5.000,19.2,62.5
38.78,39.67,37.89,5.099,19.5,62.3
38.54,39.96,37.12,5.200,19.5,62.2
38.21,39.34,37.07,5.300,19.6,62.1
37.17,39.19,35.15,5.401,19.7,62.0
36.36,38.50,34.22,5.500,19.9,61.8
35.61,37.24,33.98,5.600,20.0,61.8
34.90,37.35,32.46,5.700,20.1,61.7
34.02,36.17,31.88,5.799,20.2,61.5
33.82,36.46,31.19,5.900,20.4,61.4
32.87,34.96,30.78,6.000,20.5,61.3
31.98,34.24,29.72,6.100,20.6,61.1
31.02,33.09,28.95,6.200,20.8,61.0
30.90,33.90,27.91,6.300,21.0,60.9
29.73,31.93,27.54,6.400,21.1,60.6
28.82,31.12,26.51,6.500,21.3,60.6
27.76,29.10,26.42,6.600,21.2,60.3
27.18,28.48,25.87,6.700,21.5,60.1
26.18,27.24,25.12,6.800,21.6,59.9
25.69,26.44,24.94,6.900,21.6,59.6
25.45,26.21,24.69,6.999,21.8,59.3
24.34,24.60,24.08,7.100,21.9,59.0
22.90,22.73,23.07,7.200,22.0,58.7
22.20,20.93,23.48,7.300,22.1,58.2
21.80,20.67,22.93,7.400,22.5,57.8
20.53,19.18,21.88,7.500,22.6,57.4
18.84,17.48,20.21,7.600,22.9,56.9
66.62,67.31,65.94,0.000,17.6,62.3
66.74,67.56,65.92,0.101,17.6,62.3
66.69,67.19,66.20,0.200,17.6,62.3
66.69,67.15,66.22,0.300,17.6,62.3
66.58,66.88,66.28,0.401,17.6,62.3
66.29,66.77,65.81,0.501,17.6,62.3
66.27,67.07,65.47,0.600,17.6,62.3
65.45,65.98,64.93,0.700,17.6,62.3
65.12,65.56,64.68,0.801,17.6,62.3
64.64,65.12,64.15,0.901,17.5,62.3
63.59,64.46,62.73,1.000,17.6,62.3
62.65,62.70,62.60,1.100,17.6,62.3
62.52,62.95,62.09,1.201,17.6,62.3
61.16,61.69,60.64,1.300,17.5,62.3
60.44,60.84,60.04,1.400,17.5,62.3
59.35,59.65,59.04,1.500,17.6,62.3
58.23,58.74,57.71,1.601,17.6,62.3
56.86,57.26,56.46,1.700,17.5,62.3
56.36,56.87,55.85,1.800,17.5,62.3
55.58,56.08,55.08,1.900,17.6,62.3
54.25,54.67,53.83,2.001,17.5,62.3
53.11,53.69,52.54,2.100,17.6,62.3
51.84,52.35,51.34,2.201,17.6,62.3
50.44,50.87,50.01,2.301,17.5,62.3
50.40,50.47,50.33,2.401,17.6,62.3
48.90,49.42,48.39,2.501,17.6,62.3
48.35,48.69,48.01,2.600,17.6,62.3
47.48,47.45,47.50,2.700,17.6,62.3
45.92,46.09,45.76,2.801,17.6,62.3
45.02,45.68,44.36,2.900,17.6,62.3
44.25,44.53,43.97,3.000,17.6,62.3
44.06,44.39,43.73,3.101,17.6,62.2
42.49,42.64,42.35,3.201,17.6,62.3
42.09,42.05,42.14,3.300,17.7,62.2
40.46,40.91,40.01,3.400,17.6,62.2
39.73,40.81,38.65,3.500,17.7,62.3
39.50,39.52,39.47,3.601,17.7,62.1
38.73,39.11,38.34,3.700,17.8,62.1
38.01,37.62,38.40,3.800,17.8,62.1
37.50,37.21,37.79,3.901,18.0,62.0
36.50,36.17,36.84,4.001,18.2,61.8
36.30,36.57,36.03,4.100,18.3,61.7
35.88,35.58,36.19,4.200,18.4,61.5
35.63,35.75,35.50,4.301,18.5,61.5
34.47,34.63,34.32,4.400,18.6,61.3
34.23,34.35,34.11,4.500,18.8,61.2
33.97,33.65,34.28,4.600,18.9,61.1
32.89,33.26,32.53,4.701,19.0,60.9
31.61,31.44,31.78,4.800,19.1,60.8
31.45,31.30,31.60,4.900,19.2,60.7
30.25,30.75,29.76,5.000,19.3,60.6
29.20,29.37,29.03,5.101,19.5,60.5
28.20,28.28,28.13,5.200,19.6,60.4
27.83,27.58,28.08,5.300,19.7,60.2
26.75,26.74,26.76,5.401,19.9,60.0
25.85,25.66,26.04,5.501,20.0,59.9
24.39,24.16,24.62,5.600,20.3,59.8
23.22,22.86,23.59,5.700,20.4,59.6
22.18,22.13,22.23,5.801,20.5,59.6
21.27,21.31,21.22,5.901,20.8,59.3
19.78,19.97,19.58,6.000,21.0,59.2
18.89,19.21,18.58,6.101,21.2,58.9
17.30,18.10,16.49,6.200,21.7,58.7
15.50,15.87,15.14,6.301,22.3,58.5
14.53,14.64,14.43,6.400,22.4,58.1
13.53,13.56,13.50,6.500,22.9,57.8
12.42,12.80,12.03,6.600,23.2,57.4
10.12,10.92,9.33,6.701,23.8,57.2
10.53,10.94,10.12,6.801,24.6,56.2
13.47,11.71,15.24,6.900,25.9,54.2
63.87,63.54,64.20,0.000,18.4,63.8
63.54,63.17,63.91,0.100,18.4,63.8
63.72,63.03,64.40,0.199,18.4,63.8
63.69,63.20,64.19,0.300,18.4,63.8
63.85,63.88,63.83,0.400,18.4,63.8
63.51,63.02,63.99,0.500,18.3,63.8
63.57,62.85,64.28,0.599,18.4,63.8
63.65,63.10,64.19,0.699,18.4,63.8
63.90,63.70,64.11,0.800,18.4,63.8
63.81,63.73,63.90,0.900,18.4,63.8
63.51,62.91,64.11,0.999,18.3,63.8
64.16,64.07,64.25,1.100,18.3,63.8
63.69,63.19,64.19,1.200,18.4,63.8
63.85,63.87,63.83,1.300,18.4,63.8
63.47,63.66,63.28,1.399,18.4,63.8
64.03,63.15,64.90,1.500,18.3,63.8
63.71,63.18,64.24,1.600,18.4,63.8
63.78,63.04,64.52,1.699,18.4,63.8
63.94,63.99,63.88,1.799,18.4,63.8
63.89,63.64,64.13,1.900,18.4,63.8
63.71,63.82,63.59,2.000,18.4,63.8
63.76,63.20,64.32,2.099,18.4,63.8
63.67,63.64,63.69,2.199,18.4,63.8
63.74,64.23,63.25,2.300,18.4,63.8
64.05,63.71,64.39,2.400,18.4,63.8
64.07,63.69,64.44,2.499,18.4,63.8
63.76,63.18,64.34,2.600,18.4,63.8
63.40,63.34,63.46,2.700,18.4,63.8
63.52,63.00,64.04,2.800,18.4,63.8
63.74,63.44,64.03,2.900,18.4,63.8
63.76,63.74,63.77,3.000,18.4,63.8
63.77,63.16,64.38,3.100,18.4,63.8
64.08,63.86,64.29,3.199,18.4,63.8
63.34,63.12,63.56,3.299,18.4,63.8
63.47,63.45,63.49,3.400,18.4,63.8
63.84,63.39,64.29,3.500,18.4,63.8
63.80,63.39,64.21,3.599,18.4,63.8
63.70,63.25,64.16,3.699,18.3,63.8
64.02,63.90,64.13,3.800,18.4,63.8
63.37,62.85,63.90,3.900,18.3,63.8
64.20,64.22,64.17,4.000,18.4,63.8
64.13,64.26,64.00,4.100,18.4,63.8
64.10,64.18,64.01,4.200,18.4,63.8
63.33,62.63,64.03,4.300,18.4,63.8
63.60,63.62,63.58,4.399,18.4,63.8
62.63,62.33,62.94,4.500,18.4,63.8
62.64,63.07,62.21,4.600,18.4,63.8
61.75,61.61,61.90,4.699,18.4,63.8
61.23,61.46,61.01,4.799,18.4,63.8
60.36,60.50,60.21,4.900,18.4,63.8
60.24,60.15,60.34,5.003,18.4,63.8
58.74,59.09,58.39,5.099,18.4,63.8
57.15,56.89,57.40,5.199,18.4,63.8
57.01,57.15,56.88,5.300,18.3,63.8
55.48,55.17,55.79,5.400,18.3,63.8
54.58,54.08,55.09,5.499,18.3,63.8
53.03,52.80,53.26,5.599,18.3,63.8
52.37,52.00,52.75,5.700,18.4,63.7
52.26,52.72,51.81,5.800,18.4,63.8
50.49,50.60,50.38,5.899,18.4,63.8
49.89,49.97,49.82,5.999,18.4,63.8
48.60,48.53,48.67,6.100,18.3,63.8
47.55,47.66,47.44,6.200,18.4,63.8
47.13,47.17,47.09,6.299,18.3,63.8
45.28,45.29,45.28,6.399,18.3,63.7
45.25,44.93,45.56,6.500,18.3,63.7
44.16,43.68,44.65,6.600,18.3,63.7
42.85,43.02,42.68,6.699,18.4,63.8
42.09,41.96,42.22,6.800,18.3,63.7
40.94,40.85,41.02,6.900,18.4,63.7
40.10,39.33,40.87,6.999,18.3,63.7
40.10,40.04,40.17,7.099,18.4,63.7
38.68,38.26,39.09,7.200,18.4,63.7
37.65,37.38,37.92,7.300,18.4,63.7
36.86,36.28,37.43,7.399,18.4,63.7
36.34,36.31,36.36,7.499,18.4,63.7
34.32,33.90,34.75,7.600,18.4,63.7
34.77,34.02,35.52,7.709,18.5,63.5
33.60,33.18,34.03,7.799,18.5,63.7
33.14,32.78,33.49,7.900,18.5,63.6
30.85,31.25,30.45,8.000,18.5,63.7
30.01,30.09,29.94,8.100,18.5,63.5
29.23,29.43,29.03,8.199,18.6,63.5
27.50,26.56,28.44,8.300,18.6,63.3
27.68,26.50,28.87,8.400,18.8,63.0
28.03,27.55,28.51,8.499,19.4,62.7
27.03,26.26,27.81,8.600,19.4,62.6
26.83,26.11,27.55,8.700,19.6,62.5
26.10,25.89,26.31,8.800,19.8,62.3
24.41,23.56,25.26,8.899,19.9,62.1
23.73,23.01,24.44,8.999,20.0,62.0
23.39,22.89,23.88,9.100,20.3,61.9
21.93,21.87,22.00,9.200,20.3,61.7
20.43,19.81,21.04,9.299,20.5,61.6
18.39,16.31,20.48,9.399,20.4,61.2
18.29,16.85,19.73,9.500,20.7,61.1
17.20,15.93,18.48,9.599,21.0,60.9
16.19,15.68,16.71,9.699,21.4,60.8
15.17,15.08,15.26,9.800,21.4,60.4
13.67,13.67,13.68,9.900,21.8,60.3
11.58,10.54,12.63,9.999,21.9,60.0
11.18,10.36,12.01,10.099,22.6,59.6
9.58,9.42,9.74,10.200,23.0,59.5